Key,"Where it appears",English,Language,"Current translation",Status,"Correction (fill in if wrong)"
nav.call,"Top menu / header",Call,Hindi,फ़ोन,"HAND-CORRECTED - please confirm",
nav.call,"Top menu / header",Call,Gujarati,ફોન,"HAND-CORRECTED - please confirm",
nav.email,"Top menu / header",Email,Hindi,ईमेल,"HAND-CORRECTED - please confirm",
nav.email,"Top menu / header",Email,Gujarati,ઈમેલ,"HAND-CORRECTED - please confirm",
nav.language,"Top menu / header",Language,Hindi,भाषा,"HAND-CORRECTED - please confirm",
nav.language,"Top menu / header",Language,Gujarati,ભાષા,"HAND-CORRECTED - please confirm",
nav.home,"Top menu / header",Home,Hindi,होम,"HAND-CORRECTED - please confirm",
nav.home,"Top menu / header",Home,Gujarati,હોમ,"HAND-CORRECTED - please confirm",
nav.products,"Top menu / header",Products,Hindi,उत्पाद,"HAND-CORRECTED - please confirm",
nav.products,"Top menu / header",Products,Gujarati,ઉત્પાદનો,"HAND-CORRECTED - please confirm",
nav.about,"Top menu / header","About Us",Hindi,"हमारे बारे में","HAND-CORRECTED - please confirm",
nav.about,"Top menu / header","About Us",Gujarati,"અમારા વિશે","HAND-CORRECTED - please confirm",
nav.about.overview,"Top menu / header","Company Overview",Hindi,"कंपनी परिचय","HAND-CORRECTED - please confirm",
nav.about.overview,"Top menu / header","Company Overview",Gujarati,"કંપની પરિચય","HAND-CORRECTED - please confirm",
nav.about.ceo,"Top menu / header","CEO's Desk",Hindi,"सीईओ की कलम से","HAND-CORRECTED - please confirm",
nav.about.ceo,"Top menu / header","CEO's Desk",Gujarati,"સીઈઓની કલમે","HAND-CORRECTED - please confirm",
nav.career,"Top menu / header",Career,Hindi,करियर,"HAND-CORRECTED - please confirm",
nav.career,"Top menu / header",Career,Gujarati,કારકિર્દી,"HAND-CORRECTED - please confirm",
nav.contact,"Top menu / header","Contact Us",Hindi,"संपर्क करें","HAND-CORRECTED - please confirm",
nav.contact,"Top menu / header","Contact Us",Gujarati,"સંપર્ક કરો","HAND-CORRECTED - please confirm",
nav.download_profile,"Top menu / header","DOWNLOAD PROFILE",Hindi,"प्रोफ़ाइल डाउनलोड करें","HAND-CORRECTED - please confirm",
nav.download_profile,"Top menu / header","DOWNLOAD PROFILE",Gujarati,"પ્રોફાઇલ ડાઉનલોડ કરો","HAND-CORRECTED - please confirm",
nav.quick_inquiry,"Top menu / header","Quick Inquiry",Hindi,"त्वरित पूछताछ","HAND-CORRECTED - please confirm",
nav.quick_inquiry,"Top menu / header","Quick Inquiry",Gujarati,"ઝડપી પૂછપરછ","HAND-CORRECTED - please confirm",
footer.call.title,"Footer (every page)","Have a question? call us now",Hindi,"कोई प्रश्न है? हमें अभी फ़ोन करें।","machine translated - please check",
footer.call.title,"Footer (every page)","Have a question? call us now",Gujarati,"કોઈ પ્રશ્ન પૂછવા માંગો છો? અમને હમણાં કૉલ કરો","machine translated - please check",
footer.email.title,"Footer (every page)","Need support? Drop us an email",Hindi,"सहायता चाहिए? हमें ईमेल करें","HAND-CORRECTED - please confirm",
footer.email.title,"Footer (every page)","Need support? Drop us an email",Gujarati,"સહાય જોઈએ છે? અમને ઈમેલ કરો","HAND-CORRECTED - please confirm",
footer.hours.title,"Footer (every page)","We are open on",Hindi,"हमारा कार्य समय","HAND-CORRECTED - please confirm",
footer.hours.title,"Footer (every page)","We are open on",Gujarati,"અમારો કાર્ય સમય","HAND-CORRECTED - please confirm",
footer.hours.value,"Footer (every page)","Mon – Sat  9:30 am – 6:00 pm<br>Sunday – Closed",Hindi,"सोमवार - शनिवार सुबह 9:30 - शाम 6:00 बजे<br>रविवार - बंद","machine translated - please check",
footer.hours.value,"Footer (every page)","Mon – Sat  9:30 am – 6:00 pm<br>Sunday – Closed",Gujarati,"મોન-સેટ 9:30 am - 6:00 pm<br>રવિવાર - બંધ","machine translated - please check",
footer.products.title,"Footer (every page)","Our Products",Hindi,"हमारे उत्पाद","HAND-CORRECTED - please confirm",
footer.products.title,"Footer (every page)","Our Products",Gujarati,"અમારા ઉત્પાદનો","HAND-CORRECTED - please confirm",
footer.about,"Footer (every page)","Our products and solution come out of years on field experience of treating complex effluents and facing the most challenging problems in waste water and utility water management (Cooling towers and boilers). Supply of all Our chemicals and services have always been aligned to the protection of the customer’s assets and environmental compliances.",Hindi,"हमारे pROducts और समाधान जटिल अपशिष्ट जल और उपयोगिता जल प्रबंधन (शीतलन टावरों और बॉयलरों) में सबसे चुनौतीपूर्ण pROblems का सामना करने के वर्षों के क्षेत्र अनुभव से आते हैं। हमारे सभी रसायनों और सेवाओं की आपूर्ति हमेशा ग्राहक की परिसंपत्तियों और पर्यावरणीय अनुपालन के संरक्षण के साथ संरेखित की गई है।","machine translated - please check",
footer.about,"Footer (every page)","Our products and solution come out of years on field experience of treating complex effluents and facing the most challenging problems in waste water and utility water management (Cooling towers and boilers). Supply of all Our chemicals and services have always been aligned to the protection of the customer’s assets and environmental compliances.",Gujarati,"અમારા pROducts અને સોલ્યુશન વર્ષોના ક્ષેત્ર અનુભવમાંથી આવે છે, જેમાં જટિલ ગંદા પાણી અને કચરાના પાણી અને ઉપયોગિતા પાણી વ્યવસ્થાપન (કૂલિંગ ટાવર્સ અને બોઈલર્સ) માં સૌથી પડકારજનક મુદ્દાઓનો સામનો કરવો પડે છે. અમારા તમામ રસાયણો અને સેવાઓનો પુરવઠો હંમેશા ગ્રાહકની સંપત્તિના પીએક્સક્યુ0ક્યુએક્સટેક્શન અને પર્યાવરણીય પાલન સાથે સુસંગત રહ્યો છે.","machine translated - please check",
footer.copyright,"Footer (every page)","Copyright © 2021&nbsp;<a href=""#"">Raybon chemicals</a>. Developed by <a href=""http://www.backyardcommunication.com"" target=""_blank"">Backyard Communication</a>. All rights reserved.",Hindi,"कॉपीराइट © 2021 <a href=""#"">Raybon Chemicals</a>. <a href=""http://www.backyardcommunication.com"" target=""_blank"">Backyard Communication</a> द्वारा विकसित। सभी अधिकार सुरक्षित हैं।","machine translated - please check",
footer.copyright,"Footer (every page)","Copyright © 2021&nbsp;<a href=""#"">Raybon chemicals</a>. Developed by <a href=""http://www.backyardcommunication.com"" target=""_blank"">Backyard Communication</a>. All rights reserved.",Gujarati,"કૉપિરાઇટ © 2021 <a href=""#"">Raybon Chemicals</a>. બેકયાર્ડ કોમ્યુનિકેશન દ્વારા વિકસાવવામાં આવ્યું. સંપૂર્ણ હકો સંરક્ષિત છે.","machine translated - please check",
meta.index.title,"Browser tab + Google result","Water Treatment Chemicals & Polymers | Raybon Chemicals",Hindi,"जल उपचार रसायन और बहुलक | Raybon Chemicals","machine translated - please check",
meta.index.title,"Browser tab + Google result","Water Treatment Chemicals & Polymers | Raybon Chemicals",Gujarati,"જળ શુદ્ધિકરણ રસાયણો અને પોલિમર | Raybon Chemicals","machine translated - please check",
meta.index.description,"Browser tab + Google result","Raybon Chemicals supplies water and wastewater treatment chemicals, polyelectrolytes, antiscalants, and equipment. Serving industries since 1994 from Vadodara, Gujarat.",Hindi,"एक्स.क्यू.0क्यू.एक्स. पानी और अपशिष्ट जल उपचार रसायन, एक्स.क्यू.1क्यू.एक्स., एंटीस्कैलेंट और उपकरण की आपूर्ति करता है। 1994 एफ.एक्स.क्यू.4क्यू.एक्स.एम. एक्स.क्यू.2क्यू.एक्स., एक्स.क्यू.3क्यू.एक्स. से सेवा दे रहे हैं।","machine translated - please check",
meta.index.description,"Browser tab + Google result","Raybon Chemicals supplies water and wastewater treatment chemicals, polyelectrolytes, antiscalants, and equipment. Serving industries since 1994 from Vadodara, Gujarat.",Gujarati,"Raybon Chemicals પાણી અને ગંદા પાણીના સારવાર રસાયણો, Polyelectrolytes, એન્ટિસ્કેલન્ટ્સ અને સાધનો પૂરા પાડે છે. 1994 FROm Vadodara, Gujarat થી સેવા આપતા ઉદ્યોગો.","machine translated - please check",
meta.index.keywords,"Browser tab + Google result","Raybon Chemicals, water treatment chemicals, wastewater treatment, polyelectrolytes, antiscalants",Hindi,"एक्सक्यू0क्यूएक्स, जल उपचार रसायन, अपशिष्ट जल उपचार, एक्सक्यू1क्यूएक्स, एंटीस्कैलेंट","machine translated - please check",
meta.index.keywords,"Browser tab + Google result","Raybon Chemicals, water treatment chemicals, wastewater treatment, polyelectrolytes, antiscalants",Gujarati,"Raybon Chemicals, જળ શુદ્ધિકરણ રસાયણો, ગંદા પાણી શુદ્ધિકરણ, Polyelectrolytes, એન્ટિસ્કેલન્ટ્સ","machine translated - please check",
meta.index.h1,"Browser tab + Google result","Water and Waste Water Chemicals and Equipment",Hindi,"जल और अपशिष्ट जल रसायन और उपकरण","machine translated - please check",
meta.index.h1,"Browser tab + Google result","Water and Waste Water Chemicals and Equipment",Gujarati,"પાણી અને ગંદા પાણીના રસાયણો અને સાધનો","machine translated - please check",
meta.product.title,"Browser tab + Google result","Our Products | Raybon Chemicals",Hindi,"हमारा PROducts | Raybon Chemicals","machine translated - please check",
meta.product.title,"Browser tab + Google result","Our Products | Raybon Chemicals",Gujarati,"અમારા PROducts | Raybon Chemicals","machine translated - please check",
meta.product.description,"Browser tab + Google result","Browse Raybon Chemicals' full range of water treatment products — polyelectrolytes, antiscalants, bacterial cultures, defoamers, activated carbon, and more.",Hindi,"बी.एक्स.क्यू.5क्यू.एक्स.डब्ल्यू.एस.ई. एक्स.क्यू.1क्यू.एक्स. पूर्ण श्रृंखला के जल उपचार pROducts - Polyelectrolytes, एंटीस्केलेंट, Bacterial Cultures, Defoamers, Activated Carbon और अधिक।","machine translated - please check",
meta.product.description,"Browser tab + Google result","Browse Raybon Chemicals' full range of water treatment products — polyelectrolytes, antiscalants, bacterial cultures, defoamers, activated carbon, and more.",Gujarati,"BROwse Raybon Chemicals' પાણીના સારવારના pROducts - Polyelectrolytes, એન્ટિસ્કેલન્ટ્સ, Bacterial Cultures, Defoamers, Activated Carbon અને વધુની સંપૂર્ણ શ્રેણી.","machine translated - please check",
meta.product.keywords,"Browser tab + Google result","Raybon Chemicals, water treatment products, polyelectrolytes, antiscalants, defoamers",Hindi,"Raybon Chemicals, जल उपचार pROडक्ट्स, Polyelectrolytes, एंटीस्केलेंट, Defoamers","machine translated - please check",
meta.product.keywords,"Browser tab + Google result","Raybon Chemicals, water treatment products, polyelectrolytes, antiscalants, defoamers",Gujarati,"Raybon Chemicals, પાણીના સારવાર pROducts, Polyelectrolytes, એન્ટિસ્કેલન્ટ્સ, Defoamers","machine translated - please check",
meta.product.h1,"Browser tab + Google result","Our Products",Hindi,"हमारे PROducts","machine translated - please check",
meta.product.h1,"Browser tab + Google result","Our Products",Gujarati,પાઈપ,"machine translated - please check",
meta.contact.title,"Browser tab + Google result","Contact Us | Raybon Chemicals",Hindi,"संपर्क करें","machine translated - please check",
meta.contact.title,"Browser tab + Google result","Contact Us | Raybon Chemicals",Gujarati,"અમારો સંપર્ક કરો","machine translated - please check",
meta.contact.description,"Browser tab + Google result","Contact Raybon Chemicals in Vadodara, Gujarat. Call +91 265 298 57 33 or email chemicals@raybonchemicals.com for quotes, support, and product inquiries.",Hindi,"Raybon Chemicals से Vadodara, Gujarat में संपर्क करें। उद्धरण, सहायता, और pROduct पूछताछ के लिए +91 265 298 57 33 पर कॉल करें या chemicals@raybonchemicals.com ईमेल करें।","machine translated - please check",
meta.contact.description,"Browser tab + Google result","Contact Raybon Chemicals in Vadodara, Gujarat. Call +91 265 298 57 33 or email chemicals@raybonchemicals.com for quotes, support, and product inquiries.",Gujarati,"Raybon Chemicals, Gujarat માં Raybon Chemicals નો સંપર્ક કરો. કિંમત, સહાય અને pROduct પૂછપરછ માટે +91 265 298 57 33 પર કૉલ કરો અથવા chemicals@raybonchemicals.com પર ઇમેઇલ કરો.","machine translated - please check",
meta.contact.keywords,"Browser tab + Google result","Raybon Chemicals, contact, Vadodara, water treatment quote",Hindi,"Raybon Chemicals, संपर्क, Vadodara, जल शोधन मूल्य-सूची","machine translated - please check",
meta.contact.keywords,"Browser tab + Google result","Raybon Chemicals, contact, Vadodara, water treatment quote",Gujarati,"Raybon Chemicals, સંપર્ક, પાણી શુદ્ધિકરણનો ભાવપત્ર","machine translated - please check",
meta.contact.h1,"Browser tab + Google result",Contact,Hindi,सम्पर्क,"machine translated - please check",
meta.contact.h1,"Browser tab + Google result",Contact,Gujarati,સંપર્ક,"machine translated - please check",
meta.aboutus-1.title,"Browser tab + Google result","Company Overview | Raybon Chemicals",Hindi,"कंपनी का विवरण | Raybon Chemicals","machine translated - please check",
meta.aboutus-1.title,"Browser tab + Google result","Company Overview | Raybon Chemicals",Gujarati,"કંપનીનો સારાંશ | Raybon Chemicals","machine translated - please check",
meta.aboutus-1.description,"Browser tab + Google result","Learn about Raybon Chemicals — a Vadodara-based supplier of water and effluent treatment chemicals, dewatering polymers, and MEE antiscalants since 1994.",Hindi,"1994 से Raybon Chemicals - जल और अपशिष्ट जल उपचार रसायन, निर्जलीकरण बहुलक और MEE Antiscalants के एक आपूर्तिकर्ता के बारे में जानें।","machine translated - please check",
meta.aboutus-1.description,"Browser tab + Google result","Learn about Raybon Chemicals — a Vadodara-based supplier of water and effluent treatment chemicals, dewatering polymers, and MEE antiscalants since 1994.",Gujarati,"1994થી પાણી અને ગંદા પાણીના સારવાર રસાયણો, ડિવેટરિંગ પોલિમર અને MEE Antiscalants ના Raybon Chemicals આધારિત સપ્લાયર વિશે જાણો.","machine translated - please check",
meta.aboutus-1.keywords,"Browser tab + Google result","Raybon Chemicals, company overview, water treatment, Vadodara",Hindi,"Raybon Chemicals, कंपनी का विवरण, जल शोधन, Vadodara","machine translated - please check",
meta.aboutus-1.keywords,"Browser tab + Google result","Raybon Chemicals, company overview, water treatment, Vadodara",Gujarati,"Raybon Chemicals, કંપનીનો પરિચય, જળ શુદ્ધિકરણ, Vadodara","machine translated - please check",
meta.aboutus-1.h1,"Browser tab + Google result","Company Overview",Hindi,"कंपनी का विवरण","machine translated - please check",
meta.aboutus-1.h1,"Browser tab + Google result","Company Overview",Gujarati,"કંપનીનું વર્ણન","machine translated - please check",
meta.aboutus-2.title,"Browser tab + Google result","CEO's Desk | Raybon Chemicals",Hindi,"मुख्य कार्यकारी अधिकारी का कार्यालय | Raybon Chemicals","machine translated - please check",
meta.aboutus-2.title,"Browser tab + Google result","CEO's Desk | Raybon Chemicals",Gujarati,"મુખ્ય કાર્યકારી અધિકારીઓનું કાર્યાલય | Raybon Chemicals","machine translated - please check",
meta.aboutus-2.description,"Browser tab + Google result","A message from Raybon Chemicals leadership on outperforming polymers with outstanding service, long-term customer partnerships, and sustainable water treatment solutions.",Hindi,"उत्कृष्ट सेवा, दीर्घकालिक ग्राहक साझेदारी और टिकाऊ जल उपचार समाधानों के साथ पॉलिमर को बेहतर प्रदर्शन करने पर नेतृत्व करने के लिए एक संदेश एफएक्सक्यू1क्यूएक्सएम एक्सक्यू0क्यूएक्स।","machine translated - please check",
meta.aboutus-2.description,"Browser tab + Google result","A message from Raybon Chemicals leadership on outperforming polymers with outstanding service, long-term customer partnerships, and sustainable water treatment solutions.",Gujarati,"ઉત્કૃષ્ટ સેવા, લાંબા ગાળાના ગ્રાહક ભાગીદારી અને ટકાઉ જળ સારવાર ઉકેલો સાથે પોલિમર કરતાં વધુ સારું પ્રદર્શન કરવા માટે નેતૃત્વ પર એક સંદેશ.","machine translated - please check",
meta.aboutus-2.keywords,"Browser tab + Google result","Raybon Chemicals, CEO, water treatment company, Vadodara",Hindi,"Raybon Chemicals, सी.ई.ओ., जल शोधन कंपनी, Vadodara","machine translated - please check",
meta.aboutus-2.keywords,"Browser tab + Google result","Raybon Chemicals, CEO, water treatment company, Vadodara",Gujarati,"Raybon Chemicals, CEO, જળ શુદ્ધિકરણ કંપની, Vadodara","machine translated - please check",
meta.aboutus-2.h1,"Browser tab + Google result","CEO's Desk",Hindi,"मुख्य कार्यकारी अधिकारी का कक्ष","machine translated - please check",
meta.aboutus-2.h1,"Browser tab + Google result","CEO's Desk",Gujarati,"મુખ્ય કાર્યકારી અધિકારીઓનું કાર્યાલય","machine translated - please check",
home.hero.1.eyebrow,"Home page","Flocculants &amp; Coagulants",Hindi,"फ्लॉकुलेंट और कोएगुलेंट","HAND-CORRECTED - please confirm",
home.hero.1.eyebrow,"Home page","Flocculants &amp; Coagulants",Gujarati,"ફ્લોક્યુલન્ટ અને કોએગ્યુલન્ટ","HAND-CORRECTED - please confirm",
home.hero.1.desc,"Home page","Cationic, anionic and non-ionic flocculants for solid&ndash;liquid separation &mdash; clarifiers, decanters, belt presses and sludge dewatering.",Hindi,"ठोस-तरल पृथक्करण के लिए कैटायनिक, एनियॉनिक और गैर-आयनीक फ्लोकुलेंट - क्लारीफायर, डिकैंटर, एक्स.क्यू.0.क्यू.एक्स. और कीचड़ निर्जलीकरण।","machine translated - please check",
home.hero.1.desc,"Home page","Cationic, anionic and non-ionic flocculants for solid&ndash;liquid separation &mdash; clarifiers, decanters, belt presses and sludge dewatering.",Gujarati,"ઘન-પ્રવાહી અલગતા માટે કેશનિક, એનાયનિક અને બિન-આયનીય ફ્લોક્ક્યુલન્ટ્સ-ક્લેરિફાયર, ડેકાન્ટર, એક્સ.ક્યુ.0.ક્યુ.એક્સ. અને કાદવ ડિવાટરિંગ.","machine translated - please check",
home.hero.2.eyebrow,"Home page","Evaporator Chemicals",Hindi,"वाष्पीकरण रसायन","machine translated - please check",
home.hero.2.eyebrow,"Home page","Evaporator Chemicals",Gujarati,"રાસાયણિક વરાળ","machine translated - please check",
home.hero.2.desc,"Home page","Antiscalants and antifoams that retard scale in Multiple Effect Evaporators, keeping heat transfer efficient and cleaning cycles far apart.",Hindi,"मल्टीपल इफ़ेक्ट बाष्पीकरण यंत्रों में स्केल को धीमा करने वाले और एंटीफोम, जो गर्मी हस्तांतरण को कुशल बनाए रखते हैं और सफाई चक्रों को दूर रखते हैं।","machine translated - please check",
home.hero.2.desc,"Home page","Antiscalants and antifoams that retard scale in Multiple Effect Evaporators, keeping heat transfer efficient and cleaning cycles far apart.",Gujarati,"એન્ટિસ્કેલન્ટ્સ અને એન્ટિફૉમ્સ કે જે મલ્ટીપલ ઇફેક્ટ બાષ્પીભવકોમાં સ્કેલને ધીમું કરે છે, ગરમીના સ્થાનાંતરણને કાર્યક્ષમ રાખે છે અને સફાઈ ચક્રને દૂર રાખે છે.","machine translated - please check",
home.hero.3.eyebrow,"Home page","Membrane Chemicals",Hindi,"झिल्ली रसायन","machine translated - please check",
home.hero.3.eyebrow,"Home page","Membrane Chemicals",Gujarati,"પટલ રસાયણ","machine translated - please check",
home.hero.3.desc,"Home page","NC / NSF approved antiscalants and membrane cleaning chemicals for longer run times, lower pressure drop and extended element life.",Hindi,"एन.सी./एन.एस.एफ. ए.पी.एक्स.क्यू.0क्यू.एक्स.वी.डी. एंटीस्कैलेंट और मेम्ब्रेन क्लीनिंग केमिकल लंबे समय तक चलने वाले समय, कम दबाव डी.एक्स.क्यू.0क्यू.एक्स.पी. और विस्तारित तत्व जीवन के लिए।","machine translated - please check",
home.hero.3.desc,"Home page","NC / NSF approved antiscalants and membrane cleaning chemicals for longer run times, lower pressure drop and extended element life.",Gujarati,"એનસી/એનએસએફ એપએક્સક્યુ0ક્યુએક્સવેડ એન્ટીસ્કેલેન્ટ્સ અને મેમ્બ્રેન ક્લીનિંગ કેમિકલ્સ લાંબા સમય સુધી ચાલવા, ઓછા દબાણ ડીએક્સક્યુ0ક્યુએક્સપી અને વિસ્તૃત તત્વ જીવન માટે.","machine translated - please check",
home.hero.4.eyebrow,"Home page","Biological Treatment",Hindi,"जैविक उपचार","machine translated - please check",
home.hero.4.eyebrow,"Home page","Biological Treatment",Gujarati,"જૈવિક ઉપચાર","machine translated - please check",
home.hero.4.desc,"Home page","Customised cultures for sewage and industrial effluent that cut COD and ammoniacal nitrogen through faster biological breakdown.",Hindi,"सीवेज और औद्योगिक अपशिष्ट के लिए अनुकूलित संस्कृतियाँ जो सी.क्यू.0क्यू.एक्स. और अमोनियाकैल नाइट्रैक्स.क्यू.1क्यू.एक्स. को तेजी से जैविक विघटन करती हैं।","machine translated - please check",
home.hero.4.desc,"Home page","Customised cultures for sewage and industrial effluent that cut COD and ammoniacal nitrogen through faster biological breakdown.",Gujarati,"ગટર અને ઔદ્યોગિક કચરા માટે કસ્ટમાઇઝ્ડ સંસ્કૃતિઓ કે જે COD અને એમોનિયાકલ નાઇટએક્સક્યુ1ક્યુએક્સને ઝડપથી જૈવિક વિઘટિત કરે છે.","machine translated - please check",
home.hero.5.eyebrow,"Home page","Foam Control",Hindi,"फोम नियंत्रण","HAND-CORRECTED - please confirm",
home.hero.5.eyebrow,"Home page","Foam Control",Gujarati,"ફોમ નિયંત્રણ","HAND-CORRECTED - please confirm",
home.hero.5.desc,"Home page","Foam control agents formulated for aeration tanks &mdash; they suppress foam without inhibiting the biomass or the oxygenation capacity.",Hindi,"एज़ेज़: एज़ेज़ टैंकों के लिए तैयार फोम - वे बायोमास या ऑक्सीजनेशन क्षमता को बाधित किए बिना फोम को दबा देते हैं।","machine translated - please check",
home.hero.5.desc,"Home page","Foam control agents formulated for aeration tanks &mdash; they suppress foam without inhibiting the biomass or the oxygenation capacity.",Gujarati,"એરિયેશન ટાંકીઓ માટે રચાયેલ ફોમ કોન્ટએક્સક્યુ0ક્યુએક્સએલ એજન્ટ્સ - તેઓ બાયોમાસ અથવા ઓક્સિજન ક્ષમતાને અવરોધ્યા વિના ફીણને દબાવી દે છે.","machine translated - please check",
home.presence.title,"Home page","25 Years Of Market Presence",Hindi,"25 वर्षों का बाजार उपस्थिति","machine translated - please check",
home.presence.title,"Home page","25 Years Of Market Presence",Gujarati,"25 વર્ષ સુધી બજારમાં હાજરી","machine translated - please check",
home.presence.body,"Home page","We supply “Out-performing products with outstanding services”, Our Aim has always been to reduce the cost of treatment to our customers and increase their profitability.",Hindi,"हम ""उत्कृष्ट सेवाओं के साथ आउट-परफॉर्मिंग पी.एक्स.क्यू.0क्यू.एक्स.डक्ट्स"" की आपूर्ति करते हैं, हमारा उद्देश्य हमेशा हमारे ग्राहकों के उपचार की लागत को कम करना और उनकी pROfitability को बढ़ाना है।","machine translated - please check",
home.presence.body,"Home page","We supply “Out-performing products with outstanding services”, Our Aim has always been to reduce the cost of treatment to our customers and increase their profitability.",Gujarati,"અમે ""ઉત્કૃષ્ટ સેવાઓ સાથે આઉટ-પર્ફોર્મિંગ પીએક્સક્યુ0ક્યુએક્સડક્ટ્સ"" પ્રદાન કરીએ છીએ, અમારો ઉદ્દેશ હંમેશા અમારા ગ્રાહકો માટે સારવારનો ખર્ચ ઘટાડવાનો અને તેમની pROfitability વધારવાનો છે.","machine translated - please check",
home.grid.polyelectrolytes.cat,"Home page"," Decanter, Clarifiers, and Sludge Dewatering  ",Hindi,"डेकांटर, क्लैज़र और स्लैज डीवेटरिंग","machine translated - please check",
home.grid.polyelectrolytes.cat,"Home page"," Decanter, Clarifiers, and Sludge Dewatering  ",Gujarati,"ડેકાન્ટર, ક્લેરિફાયર અને સ્લડ્જ ડીવેટરિંગ","machine translated - please check",
home.grid.boiler.cat,"Home page"," Boiler ",Hindi,बॉयलर,"machine translated - please check",
home.grid.boiler.cat,"Home page"," Boiler ",Gujarati,બોઈલર,"machine translated - please check",
home.grid.cooling.cat,"Home page"," Cooling Tower ",Hindi,"शीतलन टावर","machine translated - please check",
home.grid.cooling.cat,"Home page"," Cooling Tower ",Gujarati,"કૂલિંગ ટાવર","machine translated - please check",
home.grid.odour.cat,"Home page","Odour control chemicals for ETP and STP Plants",Hindi,"Odour Control Chemicals ETP और STP पौधों के लिए","machine translated - please check",
home.grid.odour.cat,"Home page","Odour control chemicals for ETP and STP Plants",Gujarati,"Odour Control Chemicals માટે ETP અને STP પ્લાન્ટ્સ માટે","machine translated - please check",
home.grid.colour.cat,"Home page","Dyes, Pigments and Chemicals",Hindi,"रंग, वर्णक और रसायन","machine translated - please check",
home.grid.colour.cat,"Home page","Dyes, Pigments and Chemicals",Gujarati,"રંગો, રંગદ્રવ્યો અને રસાયણો","machine translated - please check",
home.proof.stat1,"Home page","Supplying industrial water treatment since",Hindi,"औद्योगिक जल उपचार की आपूर्ति","machine translated - please check",
home.proof.stat1,"Home page","Supplying industrial water treatment since",Gujarati,"ઔદ્યોગિક જળ સારવાર પૂરી પાડવી","machine translated - please check",
home.proof.stat2,"Home page","Engineers, chemists, technicians and field staff",Hindi,"इंजीनियर, रसायनज्ञ, तकनीशियन और क्षेत्र के कर्मचारी","machine translated - please check",
home.proof.stat2,"Home page","Engineers, chemists, technicians and field staff",Gujarati,"ઈજનેરો, રસાયણશાસ્ત્રીઓ, ટેકનિશિયન અને ક્ષેત્રના કર્મચારીઓ","machine translated - please check",
home.proof.stat3,"Home page","Own laboratory and warehouse in Vadodara",Hindi,"एक्स.क्यू.0क्यू.एक्स. में अपना प्रयोगशाला और गोदाम","machine translated - please check",
home.proof.stat3,"Home page","Own laboratory and warehouse in Vadodara",Gujarati,"Vadodara માં પોતાની પ્રયોગશાળા અને વેરહાઉસ","machine translated - please check",
home.proof.stat4,"Home page","Product lines across chemicals and dewatering equipment",Hindi,"पी.एक्स.क्यू.0क्यू.एक्स. नलिकाएं, रसायन और निर्जलीकरण उपकरण","machine translated - please check",
home.proof.stat4,"Home page","Product lines across chemicals and dewatering equipment",Gujarati,"પી.એક્સ.ક્યુ.0.ક્યુ.એક્સ. નળીઓ રસાયણો અને ડીવોટરિંગ સાધનો વહન કરે છે","machine translated - please check",
home.proof.quote,"Home page","&ldquo;We shall always measure our success based on the amount of money we have saved for our customers, rather than the amount of money we have earned from them.&rdquo;",Hindi,"""हम हमेशा अपने ग्राहकों के लिए बचाई गई राशि के आधार पर अपनी सफलता को मापेंगे, न कि हमने उनसे जो राशि कमाई है।”","machine translated - please check",
home.proof.quote,"Home page","&ldquo;We shall always measure our success based on the amount of money we have saved for our customers, rather than the amount of money we have earned from them.&rdquo;",Gujarati,"“અમે અમારા ગ્રાહકો માટે બચત કરેલા નાણાંની માત્રા પર આધારિત સફળતાને હંમેશા માપીશું, તેના બદલે અમે તેમની પાસેથી કમાયેલા નાણાંની માત્રા પર આધારિત સફળતાને માપીશું.”","machine translated - please check",
home.strip.call,"Home page","Call Us",Hindi,"फ़ोन करें","machine translated - please check",
home.strip.call,"Home page","Call Us",Gujarati,"અમને કૉલ કરો","machine translated - please check",
home.strip.email,"Home page","Email Us",Hindi,"ईमेल करें","machine translated - please check",
home.strip.email,"Home page","Email Us",Gujarati,"અમને ઇમેઇલ કરો","machine translated - please check",
home.strip.cta,"Home page","Send Enquiry",Hindi,"पूछताछ भेजें","HAND-CORRECTED - please confirm",
home.strip.cta,"Home page","Send Enquiry",Gujarati,"પૂછપરછ મોકલો","HAND-CORRECTED - please confirm",
home.capability.eyebrow,"Home page","What We Bring To Your Plant",Hindi,"आपके संयंत्र में हम क्या लाते हैं","machine translated - please check",
home.capability.eyebrow,"Home page","What We Bring To Your Plant",Gujarati,"તમારા કારખાનામાં અમે શું લઈ આવ્યા છીએ?","machine translated - please check",
home.capability.title,"Home page","Capability Statement",Hindi,"क्षमता विवरण","machine translated - please check",
home.capability.title,"Home page","Capability Statement",Gujarati,"ક્ષમતા નિવેદન","machine translated - please check",
home.capability.1,"Home page","Large stock with a wide range of polymers covering the entire spectrum of charge density and molecular weights.",Hindi,"व्यापक श्रृंखला के बहुलकों के साथ एक बड़ा भंडार, जो आवेश घनत्व और आणविक भार के पूरे स्पेक्ट्रम को कवर करता है।","machine translated - please check",
home.capability.1,"Home page","Large stock with a wide range of polymers covering the entire spectrum of charge density and molecular weights.",Gujarati,"વિશાળ સ્ટોક જેમાં ચાર્જ ઘનતા અને મોલેક્યુલર વજનના સમગ્ર સ્પેક્ટ્રમને આવરી લેતા પોલિમરની વિશાળ શ્રેણી છે.","machine translated - please check",
home.capability.2,"Home page","Consistent quality with no batch to batch variation.",Hindi,"एक ही बैच में एक समान गुणवत्ता और बैच में कोई भिन्नता नहीं।","machine translated - please check",
home.capability.2,"Home page","Consistent quality with no batch to batch variation.",Gujarati,"સુસંગત ગુણવત્તા, કોઈ બેચથી બેચ તફાવત નહીં.","machine translated - please check",
home.capability.3,"Home page","Supply of equipment along with products as a part of customer service.",Hindi,"ग्राहक सेवा के एक भाग के रूप में उपकरण की आपूर्ति के साथ-साथ पी.एक्स.क्यू.0क्यू.एक्स.डक्ट्स।","machine translated - please check",
home.capability.3,"Home page","Supply of equipment along with products as a part of customer service.",Gujarati,"ગ્રાહક સેવાના ભાગરૂપે પીએક્સક્યુ0ક્યુએક્સડક્ટ્સ સાથે સાધનોની પુરવઠો.","machine translated - please check",
home.capability.4,"Home page","Offsite and onsite support.",Hindi,"ऑफसाइट और ऑनसाइट सहायता।","machine translated - please check",
home.capability.4,"Home page","Offsite and onsite support.",Gujarati,"ઓફસાઇટ અને ઓનસાઇટ સહાય.","machine translated - please check",
home.capability.5,"Home page","Experienced field and laboratory staff.",Hindi,"अनुभवी क्षेत्र और प्रयोगशाला कर्मचारी।","machine translated - please check",
home.capability.5,"Home page","Experienced field and laboratory staff.",Gujarati,"અનુભવી ક્ષેત્ર અને પ્રયોગશાળાના કર્મચારીઓ.","machine translated - please check",
home.why.p1,"Home page","With over 25 years of on field experience in tackling and solving problems related to water and wastewater treatment, we have extended our scope of services to, not just supply of chemicals but also, to allied services to help our customers identify the right chemicals at the optimum dosages.",Hindi,"जल और अपशिष्ट जल उपचार से संबंधित समस्याओं को हल करने और उनका सामना करने में 25 से अधिक वर्षों के क्षेत्र अनुभव के साथ, हमने अपनी सेवाओं का दायरा बढ़ा दिया है, जिसमें न केवल रसायन आपूर्ति, अपितु, सहयोगी सेवाओं को भी शामिल किया गया है, ताकि हमारे ग्राहकों को इष्टतम खुराक पर सही रसायन खोजने में सहायता मिल सके।","machine translated - please check",
home.why.p1,"Home page","With over 25 years of on field experience in tackling and solving problems related to water and wastewater treatment, we have extended our scope of services to, not just supply of chemicals but also, to allied services to help our customers identify the right chemicals at the optimum dosages.",Gujarati,"પાણી અને ગંદા પાણીના ઉપચાર સંબંધિત સમસ્યાઓનું નિરાકરણ અને ઉકેલ લાવવા માટે 25 વર્ષથી વધુ ક્ષેત્ર અનુભવ સાથે, અમે અમારી સેવાઓની શ્રેણીને વિસ્તૃત કરી છે, જેમાં માત્ર રસાયણોનો પુરવઠો જ નહીં, પરંતુ ગ્રાહકોને યોગ્ય માત્રામાં યોગ્ય રસાયણો ઓળખવા માટે મદદ કરવા માટે સહયોગી સેવાઓ પણ સામેલ છે.","machine translated - please check",
home.why.p2,"Home page","Raybon Chemicals has created a niche for itself in the field of water and effluent treatment, by offering customised products to our clients , as per the requirements of their water, utility and effluent management systems.",Hindi,"एक्स.क्यू.0क्यू.एक्स. ने अपने ग्राहकों को उनके जल, उपयोगिता और अपशिष्ट प्रबंधन प्रणालियों की आवश्यकताओं के अनुसार अनुकूलित pROडक्ट की पेशकश करके जल और अपशिष्ट उपचार के क्षेत्र में अपना एक अलग स्थान बनाया है।","machine translated - please check",
home.why.p2,"Home page","Raybon Chemicals has created a niche for itself in the field of water and effluent treatment, by offering customised products to our clients , as per the requirements of their water, utility and effluent management systems.",Gujarati,"Raybon Chemicals એ અમારા ગ્રાહકોને તેમની પાણીની, ઉપયોગિતા અને ગંદા પાણીના વ્યવસ્થાપન પ્રણાલીઓની જરૂરિયાત મુજબ કસ્ટમાઇઝ્ડ pROducts પ્રદાન કરીને પાણી અને ગંદા પાણીના સારવારના ક્ષેત્રમાં પોતાનું સ્થાન બનાવ્યું છે.","machine translated - please check",
home.why.p3,"Home page","From sludge dewatering to colour removal from effluent we have given our clients not just products like coagulants, activated carbon and flocculants, but also the knowhow of testing, piloting and then implementing at plant scale the chemical program needed to achieve the desired objective at the lowest possible cost.",Hindi,"एफ.एक्स.क्यू.1क्यू.एक्स.एम. कीचड़ को रंग हटाने के लिए अपशिष्ट जल को डीवाटरिंग किया जाता है, हमने अपने ग्राहकों को केवल कोएगुलेंट्स, एक्स.क्यू.0.क्यू.एक्स. और फ्लोक्युलेंट्स, जैसे पी.एच.क्यू.1.क्यू.एक्स.ग्राम, बल्कि परीक्षण, पायलटिंग और फिर संयंत्र के पैमाने पर आवश्यक रासायनिक पी.एच.क्यू.1.क्यू.ग्राम के बारे में भी जानकारी दी है ताकि कम से कम संभव लागत पर वांछित उद्देश्य को प्राप्त किया जा सके।","machine translated - please check",
home.why.p3,"Home page","From sludge dewatering to colour removal from effluent we have given our clients not just products like coagulants, activated carbon and flocculants, but also the knowhow of testing, piloting and then implementing at plant scale the chemical program needed to achieve the desired objective at the lowest possible cost.",Gujarati,"એફ.એક્સ.ક્યુ.1ક્યુ.એક્સ.એમ. ગંદા પાણીનું ડિવેટરિંગ કરીને રંગ દૂર કરવા માટે, અમે અમારા ગ્રાહકોને માત્ર કોગ્યુલેન્ટ્સ, એક્સ.ક્યુ.0.ક્યુ.એક્સ. અને ફ્લોક્ક્યુલેન્ટ્સ, જેવા પી.એક્સ.ક્યુ.1.ક્યુ.એક્સ.ગ્રામ જેવા જ નહીં, પરંતુ પરીક્ષણ, પાયલોટિંગ અને પછી પ્લાન્ટ સ્કેલ પર જરૂરી રાસાયણિક પી.એક્સ.ક્યુ.1.ક્યુ.ગ્રામની જાણકારી પણ આપી છે, જેથી ઓછામાં ઓછી શક્ય કિંમત પર ઇચ્છિત ઉદ્દેશ્ય હાંસલ કરી શકાય.","machine translated - please check",
home.why.p4,"Home page","We collaborate with our customers in understanding their problems and then offering our solutions, along with our products we offer knowledge sharing for identifying the right chemical program at the optimised dosages.",Hindi,"हम अपने ग्राहकों के साथ उनकी समस्याओं को समझने के लिए सहयोग करते हैं और फिर अपने समाधान प्रदान करते हैं, साथ ही अपने रसायनों के साथ-साथ ज्ञान साझा करते हैं ताकि अनुकूलित खुराक पर सही रसायन pROgram की पहचान की जा सके।","machine translated - please check",
home.why.p4,"Home page","We collaborate with our customers in understanding their problems and then offering our solutions, along with our products we offer knowledge sharing for identifying the right chemical program at the optimised dosages.",Gujarati,"અમે અમારા ગ્રાહકોને તેમની સમસ્યાઓને સમજવામાં અને અમારા ઉકેલો પ્રદાન કરવામાં સહયોગ કરીએ છીએ, અને અમારા ઉકેલો સાથે અમારા ઉકેલો પ્રદાન કરીએ છીએ, જેથી શ્રેષ્ઠ માત્રામાં યોગ્ય રાસાયણિક સંયોજન ઓળખવા માટે જ્ઞાન વહેંચણી કરી શકાય.","machine translated - please check",
home.why.p5,"Home page","Our chemical programs are continuously directed towards reducing down time, and optimising chemical usage, we have consistently focused on reducing water treatment and disposal costs of our clients.",Hindi,"हमारे रासायनिक पी.एक्स.क्यू.0क्यू.एक्स.ग्राम को समय कम करने और रासायनिक उपयोग को अनुकूलित करने के लिए लगातार निर्देशित किया जाता है, हमने लगातार अपने ग्राहकों के जल उपचार और निपटान लागत को कम करने पर ध्यान केंद्रित किया है।","machine translated - please check",
home.why.p5,"Home page","Our chemical programs are continuously directed towards reducing down time, and optimising chemical usage, we have consistently focused on reducing water treatment and disposal costs of our clients.",Gujarati,"અમારા કેમિકલ પીએક્સક્યુ0ક્યુએક્સગ્રામ સમય ઘટાડવા અને રાસાયણિક વપરાશને શ્રેષ્ઠ બનાવવા તરફ સતત નિર્દેશિત કરવામાં આવે છે, અમે અમારા ગ્રાહકોના પાણીના સારવાર અને નિકાલ ખર્ચમાં સતત ઘટાડો કરવા પર ધ્યાન કેન્દ્રિત કર્યું છે.","machine translated - please check",
home.why.badge1,"Home page","Superior Products",Hindi,"उत्कृष्ट उत्पाद","HAND-CORRECTED - please confirm",
home.why.badge1,"Home page","Superior Products",Gujarati,"ઉત્તમ ઉત્પાદનો","HAND-CORRECTED - please confirm",
home.why.badge2,"Home page","In-depth Industrial Understanding ",Hindi,"गहन औद्योगिक समझ","machine translated - please check",
home.why.badge2,"Home page","In-depth Industrial Understanding ",Gujarati,"ઊંડાણપૂર્વકના ઔદ્યોગિક સમજ","machine translated - please check",
home.why.badge3,"Home page","Skilled Workforce ",Hindi,"कुशल कार्यबल","machine translated - please check",
home.why.badge3,"Home page","Skilled Workforce ",Gujarati,"કુશળ કાર્યબળ","machine translated - please check",
home.why.badge4,"Home page","Chemicals As A Service - CAAS ",Hindi,"रासायनिक सेवा","machine translated - please check",
home.why.badge4,"Home page","Chemicals As A Service - CAAS ",Gujarati,"રાસાયણિક સેવા તરીકે","machine translated - please check",
home.partners.eyebrow,"Home page","Working With The Best",Hindi,"सर्वश्रेष्ठ के साथ कार्य करना","machine translated - please check",
home.partners.eyebrow,"Home page","Working With The Best",Gujarati,"શ્રેષ્ઠ લોકો સાથે કાર્ય કરવું","machine translated - please check",
home.partners.title,"Home page","Our Technology Partners",Hindi,"हमारे प्रौद्योगिकी भागीदार","machine translated - please check",
home.partners.title,"Home page","Our Technology Partners",Gujarati,"અમારા ટેકનોલોજી ભાગીદારો","machine translated - please check",
home.partners.rochem.desc,"Home page","Membrane based technology for treating the most difficult effluents &mdash; Disc Tube&trade; systems for high TDS, high fouling streams, ZLD and landfill leachate.",Hindi,"सबसे कठिन अपशिष्टों के लिए झिल्ली आधारित तकनीक - उच्च एक्स.क्यू.0.क्यू.एक्स., उच्च गंदगी वाले धाराओं, ज़ेड.एल.डी. और लैंडफिल लीचेट के लिए डिस्क ट्यूब सिस्टम।","machine translated - please check",
home.partners.rochem.desc,"Home page","Membrane based technology for treating the most difficult effluents &mdash; Disc Tube&trade; systems for high TDS, high fouling streams, ZLD and landfill leachate.",Gujarati,"સૌથી મુશ્કેલ પ્રવાહ માટે પટલની આધારિત ટેકનોલોજી — ઉચ્ચ TDS, ઉચ્ચ ફૌલિંગ પ્રવાહો, ઝેડએલડી અને લેન્ડફિલ લીચેટ માટે ડિસ્ક ટ્યુબ™ પ્રણાલી.","machine translated - please check",
home.partners.solenis.desc,"Home page","Global speciality chemicals for water intensive industries &mdash; process, water treatment and functional chemistries backed by deep application expertise.",Hindi,"जल गहन उद्योगों के लिए वैश्विक विशेष रसायन - pROcess, जल उपचार और कार्यात्मक रसायन विज्ञान गहरी अनुप्रयोग विशेषज्ञता द्वारा समर्थित हैं।","machine translated - please check",
home.partners.solenis.desc,"Home page","Global speciality chemicals for water intensive industries &mdash; process, water treatment and functional chemistries backed by deep application expertise.",Gujarati,"પાણીના વપરાશમાં વધુ પડતા ઉદ્યોગો માટે વૈશ્વિક વિશિષ્ટ રસાયણો - pROcess, જળ શુદ્ધિકરણ અને કાર્યાત્મક રસાયણશાસ્ત્રને ઊંડાણપૂર્વકના ઉપયોગની કુશળતા દ્વારા ટેકો આપવામાં આવે છે.","machine translated - please check",
home.cta.title,"Home page","Send us your effluent parameters.",Hindi,"हमें अपने अपशिष्ट जल मापदंडों की जानकारी भेजें।","machine translated - please check",
home.cta.title,"Home page","Send us your effluent parameters.",Gujarati,"અમને તમારા ગંદા પાણીના પરિમાણો મોકલો.","machine translated - please check",
home.cta.body,"Home page","We will jar-test them in our laboratory and come back with a chemical program and a dosage &mdash; before you commit to anything.",Hindi,"हम उन्हें अपनी प्रयोगशाला में जार-परीक्षण करेंगे और कुछ भी करने से पहले एक रासायनिक पी.एक्स.क्यू.0क्यू.एक्स.ग्राम और एक खुराक के साथ वापस आएंगे।","machine translated - please check",
home.cta.body,"Home page","We will jar-test them in our laboratory and come back with a chemical program and a dosage &mdash; before you commit to anything.",Gujarati,"અમે અમારા પ્રયોગશાળામાં તેમનું જાર-પરીક્ષણ કરીશું અને તમે કંઈપણ કરવા માટે પ્રતિબદ્ધ થાઓ તે પહેલાં રાસાયણિક પીએક્સક્યુ0ક્યુએક્સગ્રામ અને ડોઝ સાથે પાછા આવીશું.","machine translated - please check",
home.cta.primary,"Home page","Request a Jar Test",Hindi,"जार परीक्षण के लिए अनुरोध करें।","machine translated - please check",
home.cta.primary,"Home page","Request a Jar Test",Gujarati,"વિનંતી કરીને જાર પરીક્ષણ કરાવો.","machine translated - please check",
home.hero.knowmore,"Home page","Know More",Hindi,"अधिक जानकारी","machine translated - please check",
home.hero.knowmore,"Home page","Know More",Gujarati,"વધુ માહિતી","machine translated - please check",
home.why.title,"Home page","Why<strong>Choose Us</strong>",Hindi,"हमें क्यों <strong>चुनें</strong>","HAND-CORRECTED - please confirm",
home.why.title,"Home page","Why<strong>Choose Us</strong>",Gujarati,"અમને શા માટે <strong>પસંદ કરો</strong>","HAND-CORRECTED - please confirm",
contact.form.title,"Contact page","Send<strong>Us Message!</strong>",Hindi,"हमें <strong>संदेश भेजें!</strong>","HAND-CORRECTED - please confirm",
contact.form.title,"Contact page","Send<strong>Us Message!</strong>",Gujarati,"અમને <strong>સંદેશ મોકલો!</strong>","HAND-CORRECTED - please confirm",
contact.form.intro,"Contact page","Please fill out the request for quote form below and our expert team will get back to you shortly.",Hindi,"कृपया नीचे दिया गया मूल्य अनुमान अनुरोध प्रपत्र भरें और हमारी विशेषज्ञ टीम आपसे शीघ्र ही संपर्क करेगी।","machine translated - please check",
contact.form.intro,"Contact page","Please fill out the request for quote form below and our expert team will get back to you shortly.",Gujarati,"કૃપા કરીને નીચે આપેલ કિંમત માટે વિનંતી ફોર્મ ભરો અને અમારી નિષ્ણાત ટીમ તમને ટૂંક સમયમાં સંપર્ક કરશે.","machine translated - please check",
contact.office.title,"Contact page","Drop in our office",Hindi,"हमारे कार्यालय पर आएँ","HAND-CORRECTED - please confirm",
contact.office.title,"Contact page","Drop in our office",Gujarati,"અમારી ઓફિસે પધારો","HAND-CORRECTED - please confirm",
contact.form.name,"Contact page","Your Name:*",Hindi,"आपके नाम:*","machine translated - please check",
contact.form.name,"Contact page","Your Name:*",Gujarati,"આપનું નામ:*","machine translated - please check",
contact.form.email,"Contact page","Your email-id:*",Hindi,"आपके ईमेल-आईडी:*","machine translated - please check",
contact.form.email,"Contact page","Your email-id:*",Gujarati,"આપનો email-id:*","machine translated - please check",
contact.form.phone,"Contact page","Your Number:*",Hindi,"आपका फ़ोन नंबर:*","HAND-CORRECTED - please confirm",
contact.form.phone,"Contact page","Your Number:*",Gujarati,"તમારો ફોન નંબર:*","HAND-CORRECTED - please confirm",
contact.form.message,"Contact page","Your Message:*",Hindi,"आपका संदेशः*","machine translated - please check",
contact.form.message,"Contact page","Your Message:*",Gujarati,"તમારો સંદેશ:*","machine translated - please check",
contact.form.submit,"Contact page","Submit Now!",Hindi,"अब जमा करें!","machine translated - please check",
contact.form.submit,"Contact page","Submit Now!",Gujarati,"સબમિટ કરો.","machine translated - please check",
contact.office.phone,"Contact page",Phone,Hindi,फ़ोन,"machine translated - please check",
contact.office.phone,"Contact page",Phone,Gujarati,ફોન,"machine translated - please check",
contact.office.email,"Contact page",Email,Hindi,ईमेल,"machine translated - please check",
contact.office.email,"Contact page",Email,Gujarati,ઈમેલ,"machine translated - please check",
contact.office.location,"Contact page",Location,Hindi,स्थान,"machine translated - please check",
contact.office.location,"Contact page",Location,Gujarati,સ્થાન,"machine translated - please check",
about1.p2,"About - Company Overview","The testimony of man’s tryst with technology lies in rapid industrialisation and development, water is the biggest fuel to this. Along with the use of water comes the complexity of water pollution, scale formation, filtration, solid liquid separation and availability of good quality water for use in these industrial processes.",Hindi,"प्रौद्योगिकी के साथ मनुष्य के संबंध की गवाही तेजी से औद्योगीकरण और विकास में निहित है, इसके लिए जल सबसे बड़ा ईंधन है। पानी के उपयोग के साथ पानी के प्रदूषण, पैमाने का निर्माण, निस्पंदन, ठोस तरल पृथक्करण और इन औद्योगिक उपयोगों में उपयोग के लिए अच्छी गुणवत्ता वाले पानी की उपलब्धता की जटिलता आती है।","machine translated - please check",
about1.p2,"About - Company Overview","The testimony of man’s tryst with technology lies in rapid industrialisation and development, water is the biggest fuel to this. Along with the use of water comes the complexity of water pollution, scale formation, filtration, solid liquid separation and availability of good quality water for use in these industrial processes.",Gujarati,"ટેકનોલોજી સાથે માણસના પ્રણયની સાક્ષી ઝડપી ઔદ્યોગિકરણ અને વિકાસમાં છે, જેમાં પાણી સૌથી મોટું ઇંધણ છે. પાણીના ઉપયોગ સાથે પાણીના પ્રદૂષણની જટિલતા, સ્કેલની રચના, ગાળણ, ઘન પ્રવાહી અલગતા અને આ ઔદ્યોગિક માંગમાં ઉપયોગ માટે સારી ગુણવત્તાવાળા પાણીની ઉપલબ્ધતા આવે છે.","machine translated - please check",
about1.p3,"About - Company Overview","With years of experience in chemistries related to water and effluent treatment, we strive relentlessly to give our customers the most innovative and cutting edge technologies in the field of water and effluent treatment, we have the best dewatering polymer chemistries, that give the lowest moisture in dewater sludge, thereby reducing the cost of sludge disposal, our MEE-Antiscalants are designed to retard scale formation and create soft scales, allowing longer production cycles and lower down time for water jet cleaning and scale removal.",Hindi,"जल और अपशिष्ट जल उपचार से संबंधित रसायन विज्ञान में वर्षों के अनुभव के साथ, हम अपने ग्राहकों को जल और अपशिष्ट जल उपचार के क्षेत्र में सबसे नवीन और अत्याधुनिक प्रौद्योगिकियां देने का अथक प्रयास करते हैं, हमारे पास सबसे अच्छी डीवाटरिंग पॉलिमर रसायन विज्ञान हैं, जो डीवाटर कीचड़ में सबसे कम नमी देते हैं, इससे कीचड़ निपटान की लागत कम हो जाती है, हमारे एक्स.क्यू.0.क्यू.एक्स.-एंटीस्केलेंट को स्केल के निर्माण को धीमा करने और नरम स्केल बनाने के लिए डिज़ाइन किया गया है, जिससे लंबे पी.एक्स.क्यू.1.क्यू.एक्स.डी. चक्र और पानी की जेट सफाई और स्केल हटाने के लिए कम समय मिलता है।","machine translated - please check",
about1.p3,"About - Company Overview","With years of experience in chemistries related to water and effluent treatment, we strive relentlessly to give our customers the most innovative and cutting edge technologies in the field of water and effluent treatment, we have the best dewatering polymer chemistries, that give the lowest moisture in dewater sludge, thereby reducing the cost of sludge disposal, our MEE-Antiscalants are designed to retard scale formation and create soft scales, allowing longer production cycles and lower down time for water jet cleaning and scale removal.",Gujarati,"પાણી અને ગંદા પાણીના સારવાર સંબંધિત રસાયણશાસ્ત્રમાં વર્ષોના અનુભવ સાથે, અમે અમારા ગ્રાહકોને પાણી અને ગંદા પાણીના સારવારના ક્ષેત્રમાં સૌથી નવીન અને અત્યાધુનિક તકનીકો આપવા માટે અથાક પ્રયાસ કરીએ છીએ, અમારી પાસે શ્રેષ્ઠ ડીવોટરિંગ પોલિમર રસાયણશાસ્ત્ર છે, જે ડીવોટર કાદવમાં સૌથી ઓછી ભેજ આપે છે, આમ કાદવના નિકાલનો ખર્ચ ઘટાડવામાં આવે છે, અમારા MEE-એન્ટિસ્કેલન્ટ્સ સ્કેલ રચનાને ધીમું કરવા અને સોફ્ટ સ્કેલ બનાવવા માટે રચાયેલ છે, જે લાંબા પીએક્સક્યુ1ક્યુએક્સડીક્શન ચક્ર અને પાણીના જેટ સફાઈ અને સ્કેલ દૂર કરવા માટે ઓછો સમય આપે છે.","machine translated - please check",
about1.p4,"About - Company Overview","It has been our endeavour to bring forth to our customers, the latest, the most innovative and the best available technologies, products and services. We believe that waste in all forms is an improperly utilised resource.",Hindi,"हमारे ग्राहकों को नवीनतम, सबसे अभिनव और सर्वोत्तम उपलब्ध प्रौद्योगिकियों, पी.एक्स.क्यू.0क्यू.एक्स.डक्ट्स और सेवाओं को लाना हमारा प्रयास रहा है। हम मानते हैं कि सभी प्रकार के अपशिष्ट एक अत्यधिक उपयोग नहीं किए जाने वाला संसाधन है।","machine translated - please check",
about1.p4,"About - Company Overview","It has been our endeavour to bring forth to our customers, the latest, the most innovative and the best available technologies, products and services. We believe that waste in all forms is an improperly utilised resource.",Gujarati,"અમારા ગ્રાહકોને નવીનતમ, સૌથી નવીન અને શ્રેષ્ઠ ઉપલબ્ધ તકનીકો, પી.એક્સ.ક્યુ.0.ક્યુ.એક્સ. ડ્યૂક્ટ્સ અને સેવાઓ પ્રદાન કરવાનો અમારો પ્રયાસ રહ્યો છે. અમે માનીએ છીએ કે તમામ સ્વરૂપોમાં કચરો એક અયોગ્ય ઉપયોગમાં લેવાયેલ સંસાધન છે.","machine translated - please check",
about1.p5,"About - Company Overview","Solid liquid separation in an aqueous solution, possess complexities, that require in depth understanding, experience and products that cannot just achieve the desired results but deliver them consistently and cost effectively over a long period of time.",Hindi,"जल में तरल पृथक्करण में जटिलताएं होती हैं, जिन्हें गहराई से समझने, अनुभव और pROducts की आवश्यकता होती है जो न केवल वांछित परिणाम प्राप्त कर सकते हैं बल्कि लंबे समय तक लगातार और लागत प्रभावी ढंग से उन्हें प्रदान कर सकते हैं।","machine translated - please check",
about1.p5,"About - Company Overview","Solid liquid separation in an aqueous solution, possess complexities, that require in depth understanding, experience and products that cannot just achieve the desired results but deliver them consistently and cost effectively over a long period of time.",Gujarati,"જળયુક્ત દ્રાવણમાં ઘન પ્રવાહીનું વિભાજન, જટિલતાઓ ધરાવે છે, જેને ઊંડી સમજ, અનુભવ અને પીએક્સક્યુ0ક્યુએક્સડક્ટ્સની જરૂર છે, જે માત્ર ઇચ્છિત પરિણામો પ્રાપ્ત કરી શકતા નથી, પરંતુ લાંબા સમય સુધી સતત અને ખર્ચ-અસરકારક રીતે પહોંચાડે છે.","machine translated - please check",
about1.p6,"About - Company Overview","Our range of products, include Polyelectrolytes, Activated Carbon, RO & MEE Antiscalants, MEE Antifoam, Defoamers, Bacterial Culture, Cooling Tower & Boiler Water Treatment Chemicals, Odour Control Chemicals and more. Not only do we supply these products but also help integrate them with the rest of the ETP.",Hindi,"हमारी pROducts की श्रृंखला में Polyelectrolytes, Activated Carbon, RO & MEE Antiscalants, MEE एंटीफोम, Defoamers, Bacterial Culture, कूलिंग टॉवर और बॉयलर वाटर ट्रीटमेंट केमिकल्स, Odour Control Chemicals और और भी बहुत कुछ शामिल हैं। हम न केवल इन pROducts को आपूर्ति करते हैं बल्कि उन्हें शेष ETP के साथ एकीकृत करने में भी मदद करते हैं।","machine translated - please check",
about1.p6,"About - Company Overview","Our range of products, include Polyelectrolytes, Activated Carbon, RO & MEE Antiscalants, MEE Antifoam, Defoamers, Bacterial Culture, Cooling Tower & Boiler Water Treatment Chemicals, Odour Control Chemicals and more. Not only do we supply these products but also help integrate them with the rest of the ETP.",Gujarati,"અમારી pROducts શ્રેણી માં Polyelectrolytes, Activated Carbon, RO & MEE Antiscalants, MEE એન્ટિફૉમ, Defoamers, Bacterial Culture, કૂલિંગ ટાવર & બોઈલર વોટર ટ્રીટમેન્ટ કેમિકલ્સ, Odour Control Chemicals અને વધુ નો સમાવેશ થાય છે. અમે આ pROducts ને જ નહીં, પરંતુ તેમને બાકીના ETP સાથે સંકલિત કરવામાં પણ મદદ કરીએ છીએ.","machine translated - please check",
about1.p7,"About - Company Overview","The prime reason behind our success is our ability to offer customised products and services to our clients as per their specific problems or challenges in their water and wastewater treatment plants. We conduct detailed treat-ability studies and design the most cost effective solutions to help our customer overcome their challenges in their water and wastewater treatment systems. Not only do we supply these products but also help integrate them with the rest of water and /or wastewater treatment process.",Hindi,"हमारे सफलता के पीछे मुख्य कारण हमारी ग्राहकों को उनकी विशिष्ट जल और अपशिष्ट जल उपचार संयंत्रों में समस्याओं या चुनौतियों के अनुसार अनुकूलित पीएक्सक्यू0क्यूएक्सडक्ट और सेवाएँ प्रदान करने की क्षमता है। हम विस्तृत उपचार-योग्यता अध्ययन करते हैं और हमारे ग्राहक को उनके जल और अपशिष्ट जल उपचार प्रणालियों में आने वाली चुनौतियों को दूर करने में मदद करने के लिए सबसे किफायती समाधान तैयार करते हैं। हम न केवल इन pROducts को आपूर्ति करते हैं, बल्कि उन्हें शेष जल और / या अपशिष्ट जल उपचार pROcess के साथ एकीकृत करने में भी मदद करते हैं।","machine translated - please check",
about1.p7,"About - Company Overview","The prime reason behind our success is our ability to offer customised products and services to our clients as per their specific problems or challenges in their water and wastewater treatment plants. We conduct detailed treat-ability studies and design the most cost effective solutions to help our customer overcome their challenges in their water and wastewater treatment systems. Not only do we supply these products but also help integrate them with the rest of water and /or wastewater treatment process.",Gujarati,"અમારી સફળતા પાછળનું મુખ્ય કારણ અમારા ગ્રાહકોને તેમના પાણી અને ગંદા પાણીના સારવાર પ્લાન્ટમાં તેમના ચોક્કસ મુદ્દાઓ અથવા પડકારોને ધ્યાનમાં રાખીને કસ્ટમાઇઝ્ડ પીએક્સક્યુ0ક્યુએક્સડક્ટ્સ અને સેવાઓ પ્રદાન કરવાની ક્ષમતા છે. અમે વિગતવાર સારવાર-યોગ્યતા અભ્યાસો કરીએ છીએ અને અમારા ગ્રાહકોને તેમના પાણી અને ગંદા પાણીના સારવાર પ્રણાલીઓમાં તેમના પડકારો દૂર કરવામાં મદદ કરવા માટે સૌથી વધુ ખર્ચ-અસરકારક ઉકેલો તૈયાર કરીએ છીએ. અમે આ pROducts ને માત્ર પૂરી જ નથી કરતા પરંતુ તેમને બાકીના પાણી અને /અથવા ગંદા પાણીના સારવાર pROcess સાથે સંકલિત કરવામાં પણ મદદ કરીએ છીએ.","machine translated - please check",
about1.p8,"About - Company Overview","We shall endeavour to always be the market leaders, by bringing forth to our customers the best and the latest, cutting edge technologies and products, in the field of water and wastewater treatment and recycling.",Hindi,"हम जल और अपशिष्ट जल उपचार और पुनर्चक्रण के क्षेत्र में सर्वोत्तम और नवीनतम, अत्याधुनिक प्रौद्योगिकियों और पाइपों को अपने ग्राहकों तक पहुँचाकर हमेशा बाजार में अग्रणी बनने का प्रयास करेंगे।","machine translated - please check",
about1.p8,"About - Company Overview","We shall endeavour to always be the market leaders, by bringing forth to our customers the best and the latest, cutting edge technologies and products, in the field of water and wastewater treatment and recycling.",Gujarati,"અમે અમારા ગ્રાહકોને પાણી અને ગંદા પાણીના સારવાર અને રિસાયક્લિંગના ક્ષેત્રમાં શ્રેષ્ઠ અને નવીનતમ, અત્યાધુનિક તકનીકો અને પંપો લાવવા દ્વારા હંમેશાં બજારમાં અગ્રણી બનવાનો પ્રયાસ કરીશું.","machine translated - please check",
about1.p9,"About - Company Overview","We shall always deliver to our customers outperforming products with outstanding service",Hindi,"हम हमेशा अपने ग्राहकों को उत्कृष्ट सेवा के साथ उत्कृष्ट प्रदर्शन करने वाले pROducts वितरित करेंगे।","machine translated - please check",
about1.p9,"About - Company Overview","We shall always deliver to our customers outperforming products with outstanding service",Gujarati,"અમે અમારા ગ્રાહકોને હંમેશા ઉત્કૃષ્ટ સેવા સાથે શ્રેષ્ઠ પ્રદર્શન કરતા pROducts પહોંચાડીશું.","machine translated - please check",
about1.p10,"About - Company Overview","We shall always remain committed to the paradigm that unless the results are measurable, the solutions cannot be trusted, and deliver products and solutions that are sustainable, not just environmentally but economically also.",Hindi,"हम हमेशा उस प्रतिमान के प्रति प्रतिबद्ध रहेंगे कि जब तक परिणाम मापने योग्य नहीं होंगे, तब तक समाधान पर भरोसा नहीं किया जा सकता है, और न केवल पर्यावरणीय रूप से बल्कि आर्थिक रूप से भी टिकाऊ, ऐसे समाधान और परिणाम नहीं हो सकते हैं।","machine translated - please check",
about1.p10,"About - Company Overview","We shall always remain committed to the paradigm that unless the results are measurable, the solutions cannot be trusted, and deliver products and solutions that are sustainable, not just environmentally but economically also.",Gujarati,"અમે હંમેશાં એવા પરિપ્રેક્ષ્ય માટે પ્રતિબદ્ધ રહીશું કે જ્યાં સુધી પરિણામો માપી ન શકાય, ત્યાં સુધી ઉકેલો પર વિશ્વાસ કરી શકાતો નથી, અને એવાં ઉકેલો અને ઉકેલો કે જે ટકાઉ હોય, માત્ર પર્યાવરણીય રીતે જ નહીં, પરંતુ આર્થિક રીતે પણ.","machine translated - please check",
about1.p11,"About - Company Overview","We shall always measure our success based on the amount of money we have saved for our customers rather than the amount of money we have earned from them.",Hindi,"हम हमेशा अपने ग्राहकों के लिए बचाए गए धन की मात्रा के आधार पर अपनी सफलता को मापेंगे, न कि उनके लिए कमाए गए धन की मात्रा के आधार पर।","machine translated - please check",
about1.p11,"About - Company Overview","We shall always measure our success based on the amount of money we have saved for our customers rather than the amount of money we have earned from them.",Gujarati,"અમે હંમેશા અમારા ગ્રાહકો માટે બચત કરેલા નાણાંની માત્રા પર આધારિત સફળતાને માપીશું, તેના બદલે અમે તેમની પાસેથી કમાયેલા નાણાંની માત્રા પર આધારિત કરીશું.","machine translated - please check",
about1.title,"About - Company Overview","About<strong>Raybon Chemicals</strong>",Hindi,"परिचय: <strong>Raybon Chemicals</strong>","HAND-CORRECTED - please confirm",
about1.title,"About - Company Overview","About<strong>Raybon Chemicals</strong>",Gujarati,"પરિચય: <strong>Raybon Chemicals</strong>","HAND-CORRECTED - please confirm",
about1.mission.title,"About - Company Overview","Mission Statement",Hindi,"उद्देश्य कथन","machine translated - please check",
about1.mission.title,"About - Company Overview","Mission Statement",Gujarati,"હેતુ ઘોષણા","machine translated - please check",
about2.p2,"About - CEO's Desk","We have always been a company that prides itself not only of the products we supply, but on the services we give along with the product.",Hindi,"हम एक ऐसी कंपनी हैं जो न केवल अपने द्वारा आपूर्ति किए जाने वाले पीएक्सक्यू0क्यूएक्सडक्ट्स पर गर्व करती है, बल्कि पीएक्सक्यू0क्यूएक्सडक्ट्स के साथ प्रदान की जाने वाली सेवाओं पर भी गर्व करती है।","machine translated - please check",
about2.p2,"About - CEO's Desk","We have always been a company that prides itself not only of the products we supply, but on the services we give along with the product.",Gujarati,"અમે હંમેશાં એવી કંપની છીએ જે ફક્ત અમે પૂરી પાડતા pROducts પર જ નહીં, પરંતુ pROducts સાથે પૂરી પાડવામાં આવતી સેવાઓ પર પણ ગર્વ અનુભવે છે.","machine translated - please check",
about2.p3,"About - CEO's Desk","Our motto has always been: <strong>“outperforming polymers with outstanding service”</strong>",Hindi,"हमारा आदर्श वाक्य हमेशा रहा हैः ""उत्कृष्ट सेवा के साथ पॉलिमर को पीछे छोड़ना"" </stROng>","machine translated - please check",
about2.p3,"About - CEO's Desk","Our motto has always been: <strong>“outperforming polymers with outstanding service”</strong>",Gujarati,"અમારા સૂત્ર હંમેશાં રહ્યું છેઃ ""શ્રેષ્ઠ સેવા સાથે પોલિમરનું ઉત્કૃષ્ટ પ્રદર્શન"" </stROng>","machine translated - please check",
about2.p4,"About - CEO's Desk","With employee strength of over 250, within the group, we have engineers, chemists, technicians and field personnel who can ensure accurate dosing and fantastic remarkable results of our chemicals on the field. We have our own laboratory and go-down to ensure both quality products and services along with dependable logistics.",Hindi,"250 से अधिक कर्मचारियों के साथ, जीएक्सक्यू0क्यूएक्सयूपी के भीतर, हमारे पास इंजीनियर, रसायनज्ञ, तकनीशियन और क्षेत्र कर्मी हैं जो सटीक खुराक सुनिश्चित कर सकते हैं और क्षेत्र में हमारे रसायनों के शानदार उल्लेखनीय परिणाम प्राप्त कर सकते हैं। हमारे पास अपनी प्रयोगशाला है और गुणवत्तापूर्ण पी.एक्स.क्यू.0क्यू.एक्स.डक्ट्स और सेवाओं के साथ-साथ विश्वसनीय रसद सुनिश्चित करने के लिए हम सीधे गोदाम में जाते हैं।","machine translated - please check",
about2.p4,"About - CEO's Desk","With employee strength of over 250, within the group, we have engineers, chemists, technicians and field personnel who can ensure accurate dosing and fantastic remarkable results of our chemicals on the field. We have our own laboratory and go-down to ensure both quality products and services along with dependable logistics.",Gujarati,"250 થી વધુ કર્મચારીઓ સાથે, GROup ની અંદર, અમારી પાસે ઇજનેરો, રસાયણશાસ્ત્રીઓ, ટેકનિશિયન અને ક્ષેત્રના કર્મચારીઓ છે જે સચોટ માત્રા અને ક્ષેત્રમાં અમારા રસાયણોના ઉત્કૃષ્ટ નોંધપાત્ર પરિણામો સુનિશ્ચિત કરી શકે છે. અમારી પોતાની પ્રયોગશાળા છે અને ગુણવત્તાયુક્ત પી.એક્સ.ક્યુ.0ક્યુ.એક્સ. ડક્ટ્સ અને સેવાઓ તેમજ ભરોસાપાત્ર લોજિસ્ટિક્સ સુનિશ્ચિત કરવા માટે અમે સીધા જ જઈએ છીએ.","machine translated - please check",
about2.p5,"About - CEO's Desk","Our customers consist of various private and public sector undertakings like Lupin, Zydus Cadila, Grasim Industries, Sun Pharma, PI Industries, Torrent, HPCL, etc.",Hindi,"हमारे ग्राहकों में लुपिन, ज़ायडस कैडिला, ग्रासिम इंडस्ट्रीज़, सन फार्मा, पी.आई. इंडस्ट्रीज़, टोरेंट, एच.पी.सी.एल. आदि जैसे विभिन्न निजी और सार्वजनिक क्षेत्र के उपक्रम शामिल हैं।","machine translated - please check",
about2.p5,"About - CEO's Desk","Our customers consist of various private and public sector undertakings like Lupin, Zydus Cadila, Grasim Industries, Sun Pharma, PI Industries, Torrent, HPCL, etc.",Gujarati,"અમારા ગ્રાહકોમાં લ્યુપિન, ઝાયડસ કેડિલા, ગ્રાસિમ ઇન્ડસ્ટ્રીઝ, સન ફાર્મા, પી.આઈ. ઇન્ડસ્ટ્રીઝ, ટોરેન્ટ, એચ.પી.સી.એલ. વગેરે જેવી વિવિધ ખાનગી અને જાહેર ક્ષેત્રની કંપનીઓ છે.","machine translated - please check",
about2.p6,"About - CEO's Desk","Our products are specialty chemicals like Polyelectrolytes, Defoamers, Antiscalants, Dewatering polyelectrolytes, De-oiling polyelectrolytes, Bacterial cultures etc.",Hindi,"हमारे pROducts Polyelectrolytes, Defoamers, ऐंटिस्कैलेंट, डीवेटेरिंग Polyelectrolytes, डी-ऑइलिंग Polyelectrolytes, Bacterial Cultures आदि जैसे विशेष रसायन हैं।","machine translated - please check",
about2.p6,"About - CEO's Desk","Our products are specialty chemicals like Polyelectrolytes, Defoamers, Antiscalants, Dewatering polyelectrolytes, De-oiling polyelectrolytes, Bacterial cultures etc.",Gujarati,"અમારા pROducts એ Polyelectrolytes, Defoamers, એન્ટિસ્કોલેન્ટ્સ, ડીવેટરિંગ Polyelectrolytes, ડી-ઓઇલિંગ Polyelectrolytes, Bacterial Cultures વગેરે જેવા વિશિષ્ટ રસાયણો છે.","machine translated - please check",
about2.aims.intro,"About - CEO's Desk","We believe in long term mutually beneficial relationships with our partners, and most of our customers have been our customers for more than 15-20 years, bearing evidence to this. Our Aims are closely aligned with that of our partners that is to deliver to our customers",Hindi,"हम अपने भागीदारों के साथ दीर्घकालिक पारस्परिक लाभकारी संबंधों में विश्वास करते हैं, और हमारे अधिकांश ग्राहक 15-20 वर्षों से अधिक समय से हमारे ग्राहक रहे हैं, जो इस बात के प्रमाण हैं। हमारे उद्देश्य हमारे साझेदारों के उद्देश्य के साथ निकटता से जुड़े हुए हैं, अर्थात् अपने ग्राहकों को सेवा प्रदान करना।","machine translated - please check",
about2.aims.intro,"About - CEO's Desk","We believe in long term mutually beneficial relationships with our partners, and most of our customers have been our customers for more than 15-20 years, bearing evidence to this. Our Aims are closely aligned with that of our partners that is to deliver to our customers",Gujarati,"અમે અમારા ભાગીદારો સાથે લાંબા ગાળાના પરસ્પર લાભદાયી સંબંધો માનીએ છીએ અને અમારા મોટાભાગના ગ્રાહકો 15-20 વર્ષથી વધુ સમયથી અમારા ગ્રાહકો રહ્યા છે, જે આ વાતનો પુરાવો છે. અમારા હેતુઓ અમારા ભાગીદારોના હેતુઓ સાથે ગાઢ રીતે સંકળાયેલા છે, એટલે કે અમારા ગ્રાહકોને સેવા પૂરી પાડવી.","machine translated - please check",
about2.aims.1,"About - CEO's Desk","Improved data visibility",Hindi,"बेहतर डेटा दृश्यता","HAND-CORRECTED - please confirm",
about2.aims.1,"About - CEO's Desk","Improved data visibility",Gujarati,"બહેતર ડેટા દૃશ્યતા","HAND-CORRECTED - please confirm",
about2.aims.2,"About - CEO's Desk","Increased productivity",Hindi,"बढ़ी हुई उत्पादकता","HAND-CORRECTED - please confirm",
about2.aims.2,"About - CEO's Desk","Increased productivity",Gujarati,"વધેલી ઉત્પાદકતા","HAND-CORRECTED - please confirm",
about2.aims.3,"About - CEO's Desk","Reduced Costs",Hindi,"कम लागत","machine translated - please check",
about2.aims.3,"About - CEO's Desk","Reduced Costs",Gujarati,"ખર્ચમાં ઘટાડો","machine translated - please check",
about2.aims.4,"About - CEO's Desk","Improved environmental performance",Hindi,"बेहतर पर्यावरणीय प्रदर्शन","HAND-CORRECTED - please confirm",
about2.aims.4,"About - CEO's Desk","Improved environmental performance",Gujarati,"બહેતર પર્યાવરણીય કામગીરી","HAND-CORRECTED - please confirm",
about2.aims.5,"About - CEO's Desk","Improved profitability",Hindi,"बेहतर लाभप्रदता","HAND-CORRECTED - please confirm",
about2.aims.5,"About - CEO's Desk","Improved profitability",Gujarati,"બહેતર નફાકારકતા","HAND-CORRECTED - please confirm",
about2.aims.6,"About - CEO's Desk","Improved asset protection",Hindi,"बेहतर परिसंपत्ति सुरक्षा","HAND-CORRECTED - please confirm",
about2.aims.6,"About - CEO's Desk","Improved asset protection",Gujarati,"બહેતર સંપત્તિ સુરક્ષા","HAND-CORRECTED - please confirm",
about2.p8,"About - CEO's Desk","We have always believed that unless the results are measurable, the solutions cannot be trusted, we therefore always stress upon the dosages and the treat rate rather than the cost per kg of the chemicals used.",Hindi,"हमने सदैव यह माना है कि जब तक परिणाम मापनीय नहीं होंगे, तब तक समाधान पर विश्वास नहीं किया जा सकता, इसलिए हम सदैव उपयोग किए गए रसायनों के प्रति किलोग्राम लागत पर ध्यान देने के बजाय खुराक और उपचार दर पर जोर देते हैं।","machine translated - please check",
about2.p8,"About - CEO's Desk","We have always believed that unless the results are measurable, the solutions cannot be trusted, we therefore always stress upon the dosages and the treat rate rather than the cost per kg of the chemicals used.",Gujarati,"અમે હંમેશાં માનીએ છીએ કે જ્યાં સુધી પરિણામો માપી શકાય નહીં, ત્યાં સુધી ઉકેલો પર ભરોસો કરી શકાતો નથી, તેથી અમે હંમેશાં ઉપયોગમાં લેવાતા રસાયણોના કિલોગ્રામ દીઠ ખર્ચ પર નહીં, પરંતુ ડોઝ અને સારવાર દર પર ભાર મૂકે છે.","machine translated - please check",
about2.p9,"About - CEO's Desk","We have pioneered the concept and the paradigm of “Chemicals as a Service”- CAAS business model, in India, and we strongly believe that with time the concepts market acceptance will grow in the future.",Hindi,"हमने भारत में ""केमिकल्स एज अ सर्विस"" (सी.ए.ए.एस.) व्यवसाय मॉडल की अवधारणा और प्रतिमान को अग्रणी बनाया है और हम मानते हैं कि समय के साथ इन अवधारणाओं को बाजार स्वीकृति मिलेगी।","machine translated - please check",
about2.p9,"About - CEO's Desk","We have pioneered the concept and the paradigm of “Chemicals as a Service”- CAAS business model, in India, and we strongly believe that with time the concepts market acceptance will grow in the future.",Gujarati,"અમે ભારતમાં 'કેમિકલ્સ એઝ અ સર્વિસ' (સીએએએસ) બિઝનેસ મોડેલની વિભાવના અને પધ્ધતિનું પાયોનિયરિંગ કર્યું છે અને અમે માનીએ છીએ કે સમય જતાં આ વિભાવનાઓ બજારમાં સ્વીકૃતિ મેળવશે.","machine translated - please check",
